{
  "id": "clicknupload",
  "name": "Clicknupload",

  "active": true,
  "notes": "Alternative vía: Script.Module.ResolveUrl",

  "find_videos": {
    "ignore_urls": [],
    "patterns": [
      {
        "pattern": "https://clicknupload.(?:org|com|me|co|cc|to|xyz|link|club|red|click|download|vip|space)/([A-z0-9]+)",
        "url": "https://clicknupload.org/\\1"
      },
      {
        "pattern": "https://clickndownload.(?:org|com|me|co|cc|to|xyz|link|club|red|click|download|vip|space)/([A-z0-9]+)",
        "url": "https://clicknupload.org/\\1"
      }
    ]
  }

}
