{
  "id": "gvideo",
  "name": "Gvideo",

  "active": true,

  "find_videos": {
    "ignore_urls": [],
    "patterns": [
      {
        "pattern": "(?s)https://youtube.googleapis.com.*?docid=([A-z0-9-_=]+)",
        "url": "https://docs.google.com/get_video_info?docid=\\1"
      },
      {
        "pattern": "(?s)http://docs.google.com/get_video_info.*?docid=([A-z0-9-_=]+)",
        "url": "https://docs.google.com/get_video_info?docid=\\1"
      },
      {
        "pattern": "http(?:s:|:)//drive.google.com/(?:u/[0-9]+/|)(?:uc|open)\\?id=([A-z0-9-_=]+)",
        "url": "https://docs.google.com/get_video_info?docid=\\1"
      },
      {
        "pattern": "(?s)(?:https|http)://(?:docs|drive).google.com/file/d/([^/]+)/(?:preview|edit|view)",
        "url": "https://docs.google.com/get_video_info?docid=\\1"
      },
      {
        "pattern": "(?s)https://(lh.).googleusercontent.com/(?!proxy)([A-z0-9-_=]+)",
        "url": "https://\\1.googleusercontent.com/\\2"
      }
    ]
  }

}