{
  "id": "mixdrop",
  "name": "Mixdrop",

  "active": true,
  "notes": "Alternative vía: Script.Module.ResolveUrl",

  "find_videos": {
    "ignore_urls": [],
    "patterns": [
      {
        "pattern": "http(?:s|)://mixdrop.(?:co|to|sx|bz|ch|gl|club|vc|ag|is|si|nu|ms|ps|sb)/(?:e|f|embed)/(?:embed-|)([A-z0-9]+)",
        "url": "https://mixdrop.ag/e/\\1"
      },
      {
        "pattern": "http(?:s|)://mixdroop.(?:co|to|sx|bz|ch|gl|club|vc|ag|is|si|nu|ms|ps|sb)/(?:e|f|embed)/(?:embed-|)([A-z0-9]+)",
        "url": "https://mixdrop.ag/e/\\1"
      },
      {
        "pattern": "http(?:s|)://mixdrp.(?:co|to|sx|bz|ch|gl|club|vc|ag|is|si||nu|ms|ps|sb)/(?:e|f|embed)/(?:embed-|)([A-z0-9]+)",
        "url": "https://mixdrop.ag/e/\\1"
      },
      {
        "pattern": "http(?:s|)://mxdrop.(?:co|to|sx|bz|ch|gl|club|vc|ag|is|si||nu|ms|ps|sb)/(?:e|f|embed)/(?:embed-|)([A-z0-9]+)",
        "url": "https://mixdrop.ag/e/\\1"
      },
      {
        "pattern": "https://mixdrop21.net/(?:e|f|embed)/(?:embed-|)([A-z0-9]+)",
        "url": "https://mixdrop.ag/e/\\1"
      },
      {
        "pattern": "https://mixdrop23.net/(?:e|f|embed)/(?:embed-|)([A-z0-9]+)",
        "url": "https://mixdrop.ag/e/\\1"
      },
      {
        "pattern": "https://mdy48tn97.com/(?:e|f|embed)/(?:embed-|)([A-z0-9]+)",
        "url": "https://mixdrop.ag/e/\\1"
      },
      {
        "pattern": "https://md3b0j6hj.com/(?:e|f|embed)/(?:embed-|)([A-z0-9]+)",
        "url": "https://mixdrop.ag/e/\\1"
      },
      {
        "pattern": "https://mdbekjwqa.pw/(?:e|f|embed)/(?:embed-|)([A-z0-9]+)",
        "url": "https://mixdrop.ag/e/\\1"
      },
      {
        "pattern": "https://mdfx9dc8n.net/(?:e|f|embed)/(?:embed-|)([A-z0-9]+)",
        "url": "https://mixdrop.ag/e/\\1"
      },
      {
        "pattern": "https://mixdropjmk.pw/(?:e|f|embed)/(?:embed-|)([A-z0-9]+)",
        "url": "https://mixdrop.ag/e/\\1"
      },
      {
        "pattern": "https://mdzsmutpcvykb.net/(?:e|f|embed)/(?:embed-|)([A-z0-9]+)",
        "url": "https://mixdrop.ag/e/\\1"
      }
    ]
  }

}
