{
  "id": "streamtape",
  "name": "Streamtape",

  "active": true,
  "notes": "Alternative vía: Script.Module.ResolveUrl",

  "find_videos": {
    "ignore_urls": [],
    "patterns": [
      {
        "pattern": "http(?:s|)://(?:streamtape.com|streamtape.net|streamtape.site|streamtape.cc|streamtape.to|streamta.pe|strtapeadblock.me|strtapeadblock.club|strtapeadblocker.xyz|strtapeadblocker.art|streamtapeadblock.art|streamadblockplus.com|adblockstrtech.link|adblockstrtape.link|adblockstreamtape.art|adblockeronstape.me|strcloud.link|strtape.cloud|strtpe.link|scloud.online|stape.fun|shavetape.cash|stapewithadblock.xyz|streamtapeadblockuser.xyz|stapadblockuser.info|stapadblockuser.art|stapadblockuser.click|adblocktape.wiki|adblocktape.online|streamta.site|streamadblocker.xyz|streamtape.xyz|tapewithadblock.org|adblocktape.wiki|antiadtape.com|tapeblocker.com|streamnoads.com|tapeadvertisement.com|tapeadsenjoyer.com|watchadsontape.com|gettapeads.com)/(?:v|e)/([A-z0-9]+)",
        "url": "https://streamtape.com/v/\\1/"
      }
    ]
  }

}