{
  "id": "streamhide",
  "name": "Streamhide",

  "active": true,
  "notes": "Out of Service.",

  "find_videos": {
    "ignore_urls": [],
    "patterns": [
      {
        "pattern": "(https://streamhide.to/(?:e|d|w)/[A-z0-9]+)",
        "url": "\\1"
      },
      {
        "pattern": "(https://streamhide.com/(?:e|d|w)/[A-z0-9]+)",
        "url": "\\1"
      },
      {
        "pattern": "(https://playhide.online/(?:e|d|w)/[A-z0-9]+)",
        "url": "\\1"
      },
      {
        "pattern": "(https://guccihide.com/(?:e|d|w)/[A-z0-9]+)",
        "url": "\\1"
      },
      {
        "pattern": "(https://moviesm4u.com/(?:e|d|w)/[A-z0-9]+)",
        "url": "\\1"
      },
      {
        "pattern": "(https://louishide.com/(?:e|d|w)/[A-z0-9]+)",
        "url": "\\1"
      },
      {
        "pattern": "(https://ahvsh.com/(?:e|d|w)/[A-z0-9]+)",
        "url": "\\1"
      },
      {
        "pattern": "(https://movhide.pro/(?:e|d|w)/[A-z0-9]+)",
        "url": "\\1"
      },
      {
        "pattern": "(https://streamhide.to/(?:e|d|w)https://playhide.online/(?:e|d|w)/[A-z0-9]+)",
        "url": "\\1"
      },
      {
        "pattern": "(https://streamhide.to/(?:e|d|w)https://streamhide.to/(?:e|d|w)/[A-z0-9]+)",
        "url": "\\1"
      },
      {
        "pattern": "(https://streamhide.to/(?:e|d|w)https://streamhide.com/(?:e|d|w)/[A-z0-9]+)",
        "url": "\\1"
      }
    ]
  }

}
