{
  "id": "vidmoly",
  "name": "Vidmoly",

  "active": true,

  "find_videos": {
    "ignore_urls": [],
    "patterns": [
      {
        "pattern": "https://vidmoly.me/(?:embed-|d/|w/|)([A-z0-9]+)",
        "url": "https://vidmoly.me/embed-\\1.html"
      },
      {
        "pattern": "https://vidmoly.to/(?:embed-|d/|w/|)([A-z0-9]+)",
        "url": "https://vidmoly.me/embed-\\1.html"
      },
      {
        "pattern": "https://vidmoly.net/(?:embed-|d/|w/|)([A-z0-9]+)",
        "url": "https://vidmoly.me/embed-\\1.html"
      }
    ]
  }

}