{
  "id": "zures",
  "name": "Zures",

  "active": true,
  "notes": "Alternative vía: Script.Module.ResolveUrl (Amdahost,  Allviid,  Asian,  Cloudfile,  Cloudmail,  Dailyuploads,  Darkibox,  Dembed,  Downace,  Fastdrive,  Fastplay,  Filegram,  Gostream,  Letsupload,  Liivideo,  Myupload,  Neohh,  Oneupload,  Pandafiles,  Rovideo,  Send,  Streamable,  Streamdav,  Streamcool,  Streamgzzz,  Streamoupload,  SwiftLoad,  Tusfiles,  Udrop,  Updown,  Uploadbaz,  Uploadflix,  Uploady,  Veev,  Veoh,  Videa,  Vidbob,  Vidlook,  Vidmx,  Vido,  Vidpro,  Vidstore,  Vipss,  Vkprime,  Worlduploads,  Ztreamhub)",

  "find_videos": {
    "ignore_urls": [],
    "patterns": [
      {
        "pattern": "https://allviid.xyz/([0-9a-zA-Z]+)",
        "url": "\\1"
      },
      {
        "pattern": "https://all-vid.autos/([0-9a-zA-Z]+)",
        "url": "\\1"
      },
      {
        "pattern": "https://1cloudfile.com/([0-9a-zA-Z]+)",
        "url": "\\1"
      },
      {
        "pattern": "https://cloud.mail.ru/([0-9a-zA-Z]+)",
        "url": "\\1"
      },
      {
        "pattern": "https://dailyuploads.net/([0-9a-zA-Z]+)",
        "url": "\\1"
      },
      {
        "pattern": "https://darkibox.com/([0-9a-zA-Z]+)",
        "url": "\\1"
      },
      {
        "pattern": "https://dembed2.(?:com|net|pro)/([0-9a-zA-Z]+)",
        "url": "\\1"
      },
      {
        "pattern": "https://asianplay.(?:net|pro)/([0-9a-zA-Z]+)",
        "url": "\\1"
      },
      {
        "pattern": "https://downace.com/([0-9a-zA-Z]+)",
        "url": "\\1"
      },
      {
        "pattern": "https://fastdrive.io/([0-9a-zA-Z]+)",
        "url": "\\1"
      },
      {
        "pattern": "https://fastplay.(?:sx|cc|to)/([0-9a-zA-Z]+)",
        "url": "\\1"
      },
      {
        "pattern": "https://filegram.to/([0-9a-zA-Z]+)",
        "url": "\\1"
      },
      {
        "pattern": "https://gostream.pro/([0-9a-zA-Z]+)",
        "url": "\\1"
      },
      {
        "pattern": "https://letsupload.(?:io|org)/([0-9a-zA-Z]+)",
        "url": "\\1"
      },
      {
        "pattern": "https://liivideo.com/([0-9a-zA-Z]+)",
        "url": "\\1"
      },
      {
        "pattern": "https://liiivideo.com/([0-9a-zA-Z]+)",
        "url": "\\1"
      },
      {
        "pattern": "https://myupload.co/([0-9a-zA-Z]+)",
        "url": "\\1"
      },
      {
        "pattern": "https://neohd.xyz/([0-9a-zA-Z]+)",
        "url": "\\1"
      },
      {
        "pattern": "https://oneupload.to/([0-9a-zA-Z]+)",
        "url": "\\1"
      },
      {
        "pattern": "https://pandafiles.com/([0-9a-zA-Z]+)",
        "url": "\\1"
      },
      {
        "pattern": "https://rovideo.net/([0-9a-zA-Z]+)",
        "url": "\\1"
      },
      {
        "pattern": "https://send.cm/([0-9a-zA-Z]+)",
        "url": "\\1"
      },
      {
        "pattern": "https://sendit.cloud/([0-9a-zA-Z]+)",
        "url": "\\1"
      },
      {
        "pattern": "https://streamable.com/([0-9a-zA-Z]+)",
        "url": "\\1"
      },
      {
        "pattern": "https://streamdav.com/([0-9a-zA-Z]+)",
        "url": "\\1"
      },
      {
        "pattern": "https://streamcool.pro/([0-9a-zA-Z]+)",
        "url": "\\1"
      },
      {
        "pattern": "https://streamgzzz.com/([0-9a-zA-Z]+)",
        "url": "\\1"
      },
      {
        "pattern": "https://streamoupload.(?:com|xyz)/([0-9a-zA-Z]+)",
        "url": "\\1"
      },
      {
        "pattern": "https://tusfiles.(?:com|net)/([0-9a-zA-Z]+)",
        "url": "\\1"
      },
      {
        "pattern": "https://uploadbaz.me/([0-9a-zA-Z]+)",
        "url": "\\1"
      },
      {
        "pattern": "https://uploadflix.(?:org|com)/([0-9a-zA-Z]+)",
        "url": "\\1"
      },
      {
        "pattern": "https://uploady.io/([0-9a-zA-Z]+)",
        "url": "\\1"
      },
      {
        "pattern": "https://veev.to/([0-9a-zA-Z]+)",
        "url": "\\1"
      },
      {
        "pattern": "https://veoh.com/([0-9a-zA-Z]+)",
        "url": "\\1"
      },
      {
        "pattern": "https://vidbob.com/([0-9a-zA-Z]+)",
        "url": "\\1"
      },
      {
        "pattern": "https://vidlook.net/([0-9a-zA-Z]+)",
        "url": "\\1"
      },
      {
        "pattern": "https://vidmx.xyz/([0-9a-zA-Z]+)",
        "url": "\\1"
      },
      {
        "pattern": "https://vido.(?:lol|cool)/([0-9a-zA-Z]+)",
        "url": "\\1"
      },
      {
        "pattern": "https://vidpro.net/([0-9a-zA-Z]+)",
        "url": "\\1"
      },
      {
        "pattern": "https://vidstore.me/([0-9a-zA-Z]+)",
        "url": "\\1"
      },
      {
        "pattern": "https://vipss.club/([0-9a-zA-Z]+)",
        "url": "\\1"
      },
      {
        "pattern": "https://vkprime.com/([0-9a-zA-Z]+)",
        "url": "\\1"
      },
      {
        "pattern": "https://worlduploads.com/([0-9a-zA-Z]+)",
        "url": "\\1"
      },
      {
        "pattern": "https://ztreamhub.com/([0-9a-zA-Z]+)",
        "url": "\\1"
      },
      {
        "pattern": "https://amdahost.com/([0-9a-zA-Z]+)",
        "url": "\\1"
      },
      {
        "pattern": "https://updown.(?:sbs|icu|cam)/([0-9a-zA-Z]+)",
        "url": "\\1"
      },
      {
        "pattern": "https://videa.hu/([0-9a-zA-Z]+)",
        "url": "\\1"
      },
      {
        "pattern": "https://videakid.hu/([0-9a-zA-Z]+)",
        "url": "\\1"
      },
      {
        "pattern": "https://swiftload.io/(?:d|e|v)/([0-9a-zA-Z]+)",
        "url": "https://swiftload.io/v/\\1"
      },
      {
        "pattern": "https://udrop.com/([0-9a-zA-Z]+)",
        "url": "\\1"
      }
    ]
  }

}