{
  "id": "zures",
  "name": "Zures",

  "active": true,
  "notes": "Alternative vía: Script.Module.ResolveUrl (Allviid,  Amdahost,  Asianload,  Asianplay,  Bigwarp,  Cloudfile,  Cloudmail,  Dailyuploads,  Darkibox,  Dembed,  Downace,  Fastdrive,  Fastplay,  Filegram,  Gostream,  Letsupload,  Liivideo,  Myupload,  Neohd,  Oneupload,  Pandafiles,  Rovideo,  Savefiles,  Send,  Streamable,  Streamdav,  Streamcool,  Streamgzzz,  Streamoupload,  Streamup,  SwiftLoad,  Turbovid,  Tusfiles,  Udrop,  Updown,  Uploadbaz,  Uploadflix,  Uploadhub,  Uploady,  Upvid,  Veev,  Veoh,  Vidbasic,  Vidbob,  Videa,  Vidlook,  Vidmx,  Vidnest, Vido,  Vidpro,  Vidstore,  Vidtube,  Vimeos,  Vipss,  Vkprime,  Wecima,  Worlduploads,  Ztreamhub)",

  "find_videos": {
    "ignore_urls": [],
    "patterns": [
      {
        "pattern": "https://allviid.xyz/([0-9a-zA-Z]+)",
        "url": "https://allviid.xyz/\\1"
      },
      {
        "pattern": "https://all-vid.autos/([0-9a-zA-Z]+)",
        "url": "https://all-vid.autos/\\1"
      },
      {
        "pattern": "https://1cloudfile.com/([0-9a-zA-Z]+)",
        "url": "https://1cloudfile.com/\\1"
      },
      {
        "pattern": "https://cloud.mail.ru/([0-9a-zA-Z]+)",
        "url": "https://cloud.mail.ru/\\1"
      },
      {
        "pattern": "https://dailyuploads.net/([0-9a-zA-Z]+)",
        "url": "https://dailyuploads.net/\\1"
      },
      {
        "pattern": "https://darkibox.com/([0-9a-zA-Z]+)",
        "url": "https://darkibox.com/\\1"
      },
      {
        "pattern": "(https://dembed2.)(?:com|net|pro)/([0-9a-zA-Z]+)",
        "url": "https://dembed2.com/\\2"
      },
      {
        "pattern": "(https://asianplay.)(?:net|pro)/([0-9a-zA-Z]+)",
        "url": "https://asianplay.pro/\\2"
      },
      {
        "pattern": "https://downace.com/([0-9a-zA-Z]+)",
        "url": "https://downace.com/\\1"
      },
      {
        "pattern": "https://fastdrive.io/([0-9a-zA-Z]+)",
        "url": "https://fastdrive.io/\\1"
      },
      {
        "pattern": "https://filegram.to/([0-9a-zA-Z]+)",
        "url": "https://filegram.to/\\1"
      },
      {
        "pattern": "https://gostream.pro/([0-9a-zA-Z]+)",
        "url": "https://gostream.pro/\\1"
      },
      {
        "pattern": "(https://letsupload.)(?:io|org|cc)/([0-9a-zA-Z]+)",
        "url": "https://letsupload.org/\\2"
      },
      {
        "pattern": "https://liivideo.com/([0-9a-zA-Z]+)",
        "url": "https://liivideo.com/\\1"
      },
      {
        "pattern": "https://liiivideo.com/([0-9a-zA-Z]+)",
        "url": "https://liiivideo.com/\\1"
      },
      {
        "pattern": "https://myupload.co/([0-9a-zA-Z]+)",
        "url": "https://myupload.co/\\1"
      },
      {
        "pattern": "https://neohd.xyz/([0-9a-zA-Z]+)",
        "url": "https://neohd.xyz/\\1"
      },
      {
        "pattern": "https://oneupload.to/([0-9a-zA-Z]+)",
        "url": "https://oneupload.to/\\1"
      },
      {
        "pattern": "https://pandafiles.com/([0-9a-zA-Z]+)",
        "url": "https://pandafiles.com/\\1"
      },
      {
        "pattern": "https://rovideo.net/([0-9a-zA-Z]+)",
        "url": "https://rovideo.net/\\1"
      },
      {
        "pattern": "https://send.cm/([0-9a-zA-Z]+)",
        "url": "ttps://send.cm/\\1"
      },
      {
        "pattern": "https://send.now/([0-9a-zA-Z]+)",
        "url": "https://send.now/\\1"
      },
      {
        "pattern": "https://sendit.cloud/([0-9a-zA-Z]+)",
        "url": "https://sendit.cloud/\\1"
      },
      {
        "pattern": "https://streamable.com/(?:s/|e/|)([0-9a-zA-Z]+)",
        "url": "https://streamable.com/e/\\1"
      },
      {
        "pattern": "https://streamdav.com/([0-9a-zA-Z]+)",
        "url": "https://streamdav.com/\\1"
      },
      {
        "pattern": "https://streamcool.pro/([0-9a-zA-Z]+)",
        "url": "https://streamcool.pro/\\1"
      },
      {
        "pattern": "https://streamgzzz.com/([0-9a-zA-Z]+)",
        "url": "https://streamgzzz.com/\\1"
      },
      {
        "pattern": "(https://streamoupload.)(?:com|xyz)/([0-9a-zA-Z]+)",
        "url": "https://streamoupload.xyz/\\2"
      },
      {
        "pattern": "(https://turbovid.)(?:eu|com|net)/([0-9a-zA-Z]+)",
        "url": "https://turbovid.eu/\\2"
      },
      {
        "pattern": "(https://tusfiles.)(?:com|net)/([0-9a-zA-Z]+)",
        "url": "https://tusfiles.com/\\2"
      },
      {
        "pattern": "https://streamgzzz.com/([0-9a-zA-Z]+)",
        "url": "https://streamgzzz.com/\\1"
      },
      {
        "pattern": "(https://uploadflix.)(?:org|com|net)/([0-9a-zA-Z]+)",
        "url": "https://uploadflix.com/\\2"
      },
      {
        "pattern": "(https://1uploadflix.)(?:org|com|net)/([0-9a-zA-Z]+)",
        "url": "https://uploadflix.com/\\2"
      },
      {
        "pattern": "https://uploady.io/([0-9a-zA-Z]+)",
        "url": "https://uploady.io/\\1"
      },
      {
        "pattern": "https://veev.to/(?:d/|e/)([0-9a-zA-Z]+)",
        "url": "https://veev.to/e/\\1"
      },
      {
        "pattern": "https://doods.to/(?:d/|e/)([0-9a-zA-Z]+)",
        "url": "https://veev.to/e/\\1"
      },
      {
        "pattern": "https://veoh.com/([0-9a-zA-Z]+)",
        "url": "https://veoh.com/\\1"
      },
      {
        "pattern": "https://vidbob.com/([0-9a-zA-Z]+)",
        "url": "https://vidbob.com/\\1"
      },
      {
        "pattern": "https://vidlook.net/([0-9a-zA-Z]+)",
        "url": "https://vidlook.net/\\1"
      },
      {
        "pattern": "https://vidmx.xyz/([0-9a-zA-Z]+)",
        "url": "https://vidmx.xyz/\\1"
      },
      {
        "pattern": "(https://vido.)(?:lol|cool)/([0-9a-zA-Z]+)",
        "url": "https://vido.cool/\\2"
      },
      {
        "pattern": "https://vidpro.net/([0-9a-zA-Z]+)",
        "url": "https://vidpro.net/\\1"
      },
      {
        "pattern": "https://vidstore.me/([0-9a-zA-Z]+)",
        "url": "https://vidstore.me/\\1"
      },
      {
        "pattern": "https://vipss.club/([0-9a-zA-Z]+)",
        "url": "https://vipss.club/\\1"
      },
      {
        "pattern": "https://vkprime.com/([0-9a-zA-Z]+)",
        "url": "https://vkprime.com/\\1"
      },
      {
        "pattern": "https://worlduploads.com/([0-9a-zA-Z]+)",
        "url": "https://worlduploads.com/\\1"
      },
      {
        "pattern": "https://ztreamhub.com/([0-9a-zA-Z]+)",
        "url": "https://ztreamhub.com/\\1"
      },
      {
        "pattern": "https://amdahost.com/([0-9a-zA-Z]+)",
        "url": "https://amdahost.com/\\1"
      },
      {
        "pattern": "(https://updown.)(?:sbs|icu|cam)/([0-9a-zA-Z]+)",
        "url": "https://updown.cam/\\2"
      },
      {
        "pattern": "https://videa.hu/(.*)",
        "url": "https://videa.hu/\\1"
      },
      {
        "pattern": "https://videakid.hu/(.*)",
        "url": "https://videakid.hu/\\1"
      },
      {
        "pattern": "https://swiftload.io/(?:d/|e/|v/)([0-9a-zA-Z]+)",
        "url": "https://swiftload.io/v/\\1"
      },
      {
        "pattern": "https://udrop.com/([0-9a-zA-Z]+)",
        "url": "https://udrop.com/\\1"
      },
      {
        "pattern": "https://bigwarp.io/(?:d/|e/|v/|embed-)([0-9a-zA-Z]+)",
        "url": "https://bigwarp.io/\\1"
      },
      {
        "pattern": "https://bigwarp.cc/(?:d/|e/|v/|embed-)([0-9a-zA-Z]+)",
        "url": "https://bigwarp.io/\\1"
      },
      {
        "pattern": "https://bgwp.cc/(?:d/|e/|v/|embed-)([0-9a-zA-Z]+)",
        "url": "https://bigwarp.io/\\1"
      },
      {
        "pattern": "https://bigwarp.art/(?:d/|e/|v/|embed-)([0-9a-zA-Z]+)",
        "url": "https://bigwarp.io/\\1"
      },
      {
        "pattern": "https://bigwarp.pro/(?:d/|e/|v/|embed-)([0-9a-zA-Z]+)",
        "url": "https://bigwarp.io/\\1"
      },
      {
        "pattern": "(https://vidtube.)(?:pro|cam|one)/(?:embed-|d/)([0-9a-zA-Z]+)",
        "url": "https://vidtube.one/embed-\\2.html"
      },
      {
        "pattern": "(https://uploadhub.)(?:to|wf)/([0-9a-zA-Z]+)",
        "url": "https://uploadhub.wf/\\2"
      },
      {
        "pattern": "(https://upvid.)(?:co|pro|live|host|biz|cloud)/([0-9a-zA-Z]+)",
        "url": "https://upvid.co/\\2"
      },
      {
        "pattern": "(https://wecima.)(?:show|movie|stream|watch|film|tube|video|tv)/([0-9a-zA-Z]+)",
        "url": "https://wecima.show/\\2"
      },
      {
        "pattern": "https://asianload.cfd/watch?v=([0-9a-zA-Z]+)",
        "url": "https://asianload.cfd/watch?v=\\2"
      },
      {
        "pattern": "https://savefiles.com/(?:embed-|e/|)([0-9a-zA-Z]+)",
        "url": "https://savefiles.com/e/\\1"
      },
      {
        "pattern": "https://savefiles.top/(?:embed-|e/|)([0-9a-zA-Z]+)",
        "url": "https://savefiles.com/e/\\1"
      },
      {
        "pattern": "https://streamhls.to/(?:embed-|e/|)([0-9a-zA-Z]+)",
        "url": "https://savefiles.com/e/\\1"
      },
      {
        "pattern": "https://vidbasic.top/(?:embed/|)([0-9a-zA-Z]+)",
        "url": "https://vidbasic.top/embed/\\1"
      },
      {
        "pattern": "(https://streamup.)(?:to|wf|ws|cc)/([0-9a-zA-Z]+)",
        "url": "https://streamup.ws/\\2"
      },
      {
        "pattern": "(https://strmup.)(?:to|wf|ws|cc)/([0-9a-zA-Z]+)",
        "url": "https://streamup.ws/\\2"
      },
      {
        "pattern": "https://vimeos.net/embed-([0-9a-zA-Z]+).html",
        "url": "https://vimeos.net/embed-\\1.html"
      },
      {
        "pattern": "https://vidnest.io/embed-([0-9a-zA-Z]+).html",
        "url": "https://vidnest.io/embed-\\1.html"
      }
    ]
  }

}