{
  "id": "divxtotalcc",
  "name": "DivxTotalCc",
  "thumbnail": "divxtotalcc.jpg",

  "active": false,

  "searchable": true,
  "search_types": ["all", "movie", "tvshow"],

  "categories": ["movie", "tvshow", "torrent"],
  "language": ["cast", "lat", "vose", "vo"],

  "clusters": ["temporary", "problematic", "torrents", "news", "lasts", "qualityes", "kids", "docs", "anime", "3d"],

  "notes": "Canal con enlaces Torrent exclusivamente. Películas por géneros y calidad. También series. Puede requerir el uso de proxies en función del país/operadora desde el que se accede."
}