{
  "id": "gnula24",
  "name": "Gnula24",
  "thumbnail": "gnula24.png",

  "active": true,

  "searchable": true,
  "search_types": ["tvshow"],

  "categories": ["tvshow"],
  "language": ["cast", "lat", "vose"],

  "clusters": ["suggested", "notice", "current", "clons", "lasts", "rankings", "years", "producers", "docs", "kids", "vos", "anime", "tales"],

  "notes": "Series por Géneros. Categoría Novelas. Puede requerir el uso de proxies en función del país/operadora desde el que se accede."
}