{
  "id": "pgratishd",
  "name": "PGratisHd",
  "thumbnail": "pgratishd.jpg",

  "active": true,

  "searchable": true,
  "search_types": ["all", "movie", "tvshow"],

  "categories": [ "movie", "tvshow" ],
  "language": ["cast", "lat", "vose"],

  "clusters": ["current", "notice", "news", "rankings", "years", "lasts", "qualityes", "countries", "producers", "lists", "kids", "docs", "vos", "amime", "dorama"],

  "notes": "Películas por géneros y año. Series por Géneros y año. Puede requerir el uso de proxies en función del país/operadora desde el que se accede."
}
