{
  "id": "playdede",
  "name": "PlayDede",
  "thumbnail": "playdede.jpg",

  "active": true,

  "searchable": true,
  "search_types": ["all", "movie", "tvshow"],

  "categories": ["movie", "tvshow"],
  "language": ["cast", "lat", "vose", "vo"],

  "clusters": ["inestable", "current", "register", "suggested", "notice", "news", "rankings", "languages", "qualityes", "countries", "years", "lists", "lasts", "producers", "kids", "docs", "vos", "anime"],

  "notes": "Películas por géneros y año. Series y Animes por Géneros y año. Puede requerir el uso de proxies en función del país/operadora desde el que se accede."
}
