{
  "id": "sololatino",
  "name": "SoloLatino",
  "thumbnail": "sololatino.jpg",

  "active": true,

  "searchable": true,
  "search_types": ["all", "movie", "tvshow"],

  "categories": ["movie", "tvshow"],
  "language": ["cast", "lat", "vose"],

  "clusters": ["crypto", "suggested", "news", "rankings", "years", "lasts", "producers", "lists", "docs", "kids", "vos", "dorama", "anime"],

  "notes": "Películas por géneros y años. Series por Géneros. Puede requerir el uso de proxies en función del país/operadora desde el que se accede."
}
